date_month,budget_search,budget_youtube,budget_meta,budget_tiktok,budget_reddit,budget_tv,budget_vod,budget_ooh,budget_creator
2026-01-01,"1,952,566","293,490","2,080,417","111,882",0,"448,536",0,"42,324","108,097"
2026-02-01,"1,280,483","43,759","1,534,952","180,354",0,0,0,0,"98,585"
2026-03-01,"1,238,270","17,836","1,637,122","279,719",0,0,0,0,"68,803"
2026-04-01,"1,191,000","235,000","1,191,000","235,000","20,010",0,0,0,"82,737"
2026-05-01,"1,427,600","62,000","1,138,800","124,000","20,677",0,0,0,"78,070"
2026-06-01,"1,212,000","150,000","1,362,000","226,000","50,000",0,0,0,"75,000"
2026-07-01,"1,315,424","162,800","1,478,224","245,285","54,267",0,0,"11,900","55,000"
2026-08-01,"1,212,000","150,000","1,362,000","226,000","50,000",0,0,"11,900","55,000"
2026-09-01,"1,212,000","150,000","1,362,000","226,000","50,000",0,0,"11,900","55,000"
2026-10-01,"1,212,000","150,000","1,362,000","226,000","50,000",0,0,0,"55,000"
2026-11-01,"1,212,000","150,000","1,362,000","226,000","50,000",0,0,0,"55,000"
2026-12-01,"1,212,000","150,000","1,362,000","226,000","50,000",0,0,0,"55,000"