date_day,actual_qs,baseline_qs,predicted_qs,model
2026-04-27,3806.0,3735.106029106029,3694.5275958424427,hist_gradient_boosting
2026-04-28,3610.0,3735.106029106029,3521.411762406448,hist_gradient_boosting
2026-04-29,4171.0,3735.106029106029,3412.8451079987753,hist_gradient_boosting
2026-04-30,3626.0,3735.106029106029,3155.963061598376,hist_gradient_boosting
2026-05-01,3397.0,3735.106029106029,2859.8601984461734,hist_gradient_boosting
2026-05-02,3367.0,3735.106029106029,2970.616324544366,hist_gradient_boosting
2026-05-03,4048.0,3735.106029106029,3309.1673845593523,hist_gradient_boosting
2026-05-04,4267.0,3735.106029106029,3399.055879771319,hist_gradient_boosting
2026-05-05,3642.0,3735.106029106029,3063.116482135733,hist_gradient_boosting
2026-05-06,3562.0,3735.106029106029,2988.8126603712253,hist_gradient_boosting
2026-05-07,3137.0,3735.106029106029,2854.4152478214564,hist_gradient_boosting
2026-05-08,3147.0,3735.106029106029,2839.55586682527,hist_gradient_boosting
2026-05-09,3680.0,3735.106029106029,3047.569314552905,hist_gradient_boosting
2026-05-10,4261.0,3735.106029106029,3552.257476591741,hist_gradient_boosting
2026-05-11,4197.0,3735.106029106029,3358.4699915972888,hist_gradient_boosting
2026-05-12,3776.0,3735.106029106029,3071.382934000392,hist_gradient_boosting
2026-05-13,4070.0,3735.106029106029,3557.818832807476,hist_gradient_boosting
2026-05-14,3957.0,3735.106029106029,3375.500562941483,hist_gradient_boosting
2026-05-15,3265.0,3735.106029106029,2901.541152901171,hist_gradient_boosting
2026-05-16,3455.0,3735.106029106029,3037.2674076507024,hist_gradient_boosting
2026-05-17,4351.0,3735.106029106029,3555.198762607986,hist_gradient_boosting
2026-05-18,3121.0,3735.106029106029,3108.057277680901,hist_gradient_boosting
2026-05-19,3181.0,3735.106029106029,3308.118642307881,hist_gradient_boosting
2026-05-20,3145.0,3735.106029106029,3296.4716464171706,hist_gradient_boosting
2026-05-21,3351.0,3735.106029106029,3304.5267047281,hist_gradient_boosting
2026-05-22,3231.0,3735.106029106029,3429.1031429366335,hist_gradient_boosting
2026-05-23,3087.0,3735.106029106029,3143.9298277090775,hist_gradient_boosting
2026-05-24,3562.0,3735.106029106029,3421.469478850412,hist_gradient_boosting
2026-05-25,3668.0,3735.106029106029,3514.3132839052437,hist_gradient_boosting
2026-05-26,4128.0,3735.106029106029,3808.9094615254394,hist_gradient_boosting
2026-05-27,4015.0,3735.106029106029,3898.317082293999,hist_gradient_boosting
2026-05-28,3872.0,3735.106029106029,4498.681068325906,hist_gradient_boosting
2026-05-29,4345.0,3735.106029106029,4224.529179903415,hist_gradient_boosting
2026-05-30,3765.0,3735.106029106029,3585.715556954102,hist_gradient_boosting
2026-05-31,3976.0,3735.106029106029,3969.0735319341497,hist_gradient_boosting
2026-06-01,3965.0,3735.106029106029,3714.870709111763,hist_gradient_boosting
2026-06-02,3532.0,3735.106029106029,3437.600000044001,hist_gradient_boosting
2026-06-03,2895.0,3735.106029106029,2925.6345508268582,hist_gradient_boosting
2026-06-04,2947.0,3735.106029106029,3010.72063590483,hist_gradient_boosting
2026-06-05,2591.0,3735.106029106029,2631.6490776347255,hist_gradient_boosting
2026-06-06,2435.0,3735.106029106029,2451.4041809642067,hist_gradient_boosting
2026-06-07,3176.0,3735.106029106029,2884.29547156429,hist_gradient_boosting
2026-06-08,3496.0,3735.106029106029,3105.973516559757,hist_gradient_boosting
2026-06-09,3605.0,3735.106029106029,3116.0214339259383,hist_gradient_boosting
2026-06-10,4015.0,3735.106029106029,3197.1190192641157,hist_gradient_boosting
2026-06-11,4043.0,3735.106029106029,3391.9471544077946,hist_gradient_boosting
2026-06-12,4677.0,3735.106029106029,4404.106241928375,hist_gradient_boosting
2026-06-13,7026.0,3735.106029106029,5023.4567750123215,hist_gradient_boosting
2026-06-14,7481.0,3735.106029106029,5091.121509168033,hist_gradient_boosting
2026-06-15,6404.0,3735.106029106029,4397.794520597671,hist_gradient_boosting
2026-06-16,5549.0,3735.106029106029,4106.914185857826,hist_gradient_boosting
2026-06-17,4890.0,3735.106029106029,3646.092834918523,hist_gradient_boosting
2026-06-18,4229.0,3735.106029106029,3856.63647416723,hist_gradient_boosting
2026-06-19,5391.0,3735.106029106029,4372.665178461165,hist_gradient_boosting
2026-06-20,4723.0,3735.106029106029,3687.067999226814,hist_gradient_boosting
2026-06-21,7267.0,3735.106029106029,4525.610400164605,hist_gradient_boosting
2026-06-22,6012.0,3735.106029106029,4349.76280540591,hist_gradient_boosting
2026-06-23,5266.0,3735.106029106029,4110.976016451162,hist_gradient_boosting
2026-06-24,6017.0,3735.106029106029,4209.878924874525,hist_gradient_boosting
2026-06-25,6530.0,3735.106029106029,4583.785933650505,hist_gradient_boosting
2026-06-26,6620.0,3735.106029106029,4583.33160572944,hist_gradient_boosting
2026-06-27,5280.0,3735.106029106029,4299.576299980752,hist_gradient_boosting
2026-06-28,5143.0,3735.106029106029,3757.4213509307638,hist_gradient_boosting
2026-06-29,6652.0,3735.106029106029,4848.755762152814,hist_gradient_boosting
2026-06-30,6038.0,3735.106029106029,4475.405520017533,hist_gradient_boosting
2026-07-01,7447.0,3735.106029106029,4946.212292008912,hist_gradient_boosting
2026-07-02,5770.0,3735.106029106029,4159.610616861726,hist_gradient_boosting
2026-07-03,5329.0,3735.106029106029,4016.028620233786,hist_gradient_boosting
2026-07-04,5552.0,3735.106029106029,4380.2886840138335,hist_gradient_boosting
2026-07-05,6935.0,3735.106029106029,4778.4623600896775,hist_gradient_boosting
2026-07-06,6669.0,3735.106029106029,5758.758539101167,hist_gradient_boosting
2026-07-07,5825.0,3735.106029106029,4928.09137631591,hist_gradient_boosting
2026-07-08,5457.0,3735.106029106029,4359.302858472471,hist_gradient_boosting
2026-07-09,4953.0,3735.106029106029,4361.424275183069,hist_gradient_boosting
2026-07-10,3511.0,3735.106029106029,3518.088806231585,hist_gradient_boosting
2026-07-11,3519.0,3735.106029106029,3075.7966656889607,hist_gradient_boosting
2026-07-12,4124.0,3735.106029106029,3526.575638518752,hist_gradient_boosting
2026-07-13,3823.0,3735.106029106029,3451.7567066727447,hist_gradient_boosting
2026-07-14,2980.0,3735.106029106029,3023.298201924467,hist_gradient_boosting
2026-07-15,3087.0,3735.106029106029,3103.8850457534404,hist_gradient_boosting
2026-07-16,3836.0,3735.106029106029,3744.4918537783656,hist_gradient_boosting
2026-07-17,3019.0,3735.106029106029,3039.3722293923465,hist_gradient_boosting
2026-07-18,2844.0,3735.106029106029,2799.0530576466545,hist_gradient_boosting
2026-07-19,3037.0,3735.106029106029,3123.1550118680875,hist_gradient_boosting
2026-07-20,3063.0,3735.106029106029,3289.7300026516173,hist_gradient_boosting
2026-07-21,4029.0,3735.106029106029,3676.1114959919464,hist_gradient_boosting
2026-07-22,4104.0,3735.106029106029,3735.6418619616425,hist_gradient_boosting
2026-07-23,3896.0,3735.106029106029,3672.4953369872865,hist_gradient_boosting
2026-07-24,4370.0,3735.106029106029,4374.203906502838,hist_gradient_boosting
2026-07-25,3866.0,3735.106029106029,3782.10289516831,hist_gradient_boosting
