feature,importance,importance_std
uncohorted_us,450.39725427369797,43.40492914151352
attribution_google_search_paid_last_click_sessions,40.83178227159918,10.462476618157067
attribution_direct_direct_last_click_sessions,23.441735669109697,2.447961847191674
attribution_meta_meta_mof_last_click_sessions,19.01503189532756,3.8814541296542644
attribution_referral_referral_last_click_sessions,6.4895791957198865,4.533903690504227
spend_search_brand,6.454621490846887,1.4893987712818868
spend_meta,4.211430025661275,1.0068088680103882
attribution_crm_crm_email_last_click_sessions,3.289216393614288,3.7663845592211644
digital_google_search_nb_impressions,2.8936842978933783,2.96914904841467
digital_google_search_nb_clicks,2.2399356118294462,1.4339407308040515
attribution_meta_meta_bof_last_click_sessions,1.187935302905305,0.30658445932902756
spend_search_nb,1.1696096713700057,0.601532019608563
external_market_impressions,0.7200624649849374,0.32799687949679524
spend_search_bing,0.6753281401624349,0.6279821441325805
digital_tiktok_tiktok_clicks,0.6078856350958404,0.4645262096729753
digital_meta_meta_bof_clicks,0.2781397793660176,0.428064169335779
attribution_google_youtube_paid_last_click_sessions,0.18809509529312435,0.1422416771663171
digital_meta_meta_tof_clicks,0.15595935593460125,0.06895891823134075
attribution_ai_tools_ai_tools_last_click_sessions,0.0992871309310317,0.7214919536909272
external_top_impressions,0.0913265385498903,0.2102413655023819
digital_google_search_brand_impressions,0.04755520755360294,0.02743039255948482
digital_reddit_reddit_impressions,0.0,0.0
digital_reddit_reddit_clicks,0.0,0.0
digital_meta_meta_mof_impressions,0.0,0.0
digital_meta_meta_mof_clicks,0.0,0.0
attribution_google_search_organic_last_click_sessions,0.0,0.0
digital_google_search_shopping_impressions,0.0,0.0
spend_offline,0.0,0.0
digital_google_search_shopping_clicks,0.0,0.0
spend_ooh,0.0,0.0
spend_tv,0.0,0.0
spend_display,0.0,0.0
spend_reddit,0.0,0.0
spend_big_influencer,0.0,0.0
spend_gifting,0.0,0.0
spend_production,0.0,0.0
spend_affilliate,0.0,0.0
spend_search_shopping,0.0,0.0
cohorted_us,0.0,0.0
spend_vod,0.0,0.0
spend_search_pmax,-0.04297528681684071,0.22683095652080126
spend_tiktok,-0.06210798344509385,0.05118625203367493
attribution_google_social_organic_last_click_sessions,-0.40370232032101966,0.1227704692589753
attribution_organic_search_organic_last_click_sessions,-0.426346245440277,0.5155481988222642
spend_creators,-0.4355004240576704,0.1269016109737079
digital_meta_meta_bof_impressions,-0.51207704333749,0.35879599356551556
attribution_tiktok_tiktok_paid_last_click_sessions,-0.9211542439324603,0.40232544271690657
attribution_meta_meta_tof_last_click_sessions,-0.9511678869772027,0.45652003472822644
attribution_other_other_last_click_sessions,-0.9655087452044313,0.5002426689241986
external_impressions,-1.0728963879364302,0.6311848005903072
digital_meta_meta_tof_impressions,-1.1848741442326514,0.40591409922787736
digital_tiktok_tiktok_impressions,-1.4640095471117207,1.4533068000078746
spend_search_youtube,-1.7882276361601726,1.3043784612060845
digital_google_search_brand_clicks,-3.530460448338329,0.5693204524600227
digital_google_search_pmax_impressions,-3.8197047613104926,4.677552221850176
digital_google_search_pmax_clicks,-4.876157206926519,3.057766703199235
digital_google_youtube_clicks,-5.0822319925932335,1.3683932104802754
digital_google_youtube_impressions,-11.75615601288182,3.1460507468449044
attribution_organic_social_organic_last_click_sessions,-15.444171505807457,5.3803118818130455
attribution_crm_crm_sms_last_click_sessions,-38.647314709329784,8.401178809045623
